<TextureAtlas imagePath="sheet.png">
	<SubTexture name="elementExplosive000.png" x="720" y="1290" width="140" height="70"/>
	<SubTexture name="elementExplosive001.png" x="1420" y="1140" width="70" height="70"/>
	<SubTexture name="elementExplosive002.png" x="1700" y="780" width="70" height="70"/>
	<SubTexture name="elementExplosive003.png" x="1280" y="1430" width="140" height="70"/>
	<SubTexture name="elementExplosive004.png" x="1640" y="500" width="70" height="70"/>
	<SubTexture name="elementExplosive005.png" x="1490" y="1210" width="70" height="70"/>
	<SubTexture name="elementExplosive006.png" x="660" y="580" width="140" height="70"/>
	<SubTexture name="elementExplosive007.png" x="1770" y="1000" width="70" height="70"/>
	<SubTexture name="elementExplosive008.png" x="1630" y="1440" width="70" height="70"/>
	<SubTexture name="elementExplosive009.png" x="1080" y="140" width="140" height="70"/>
	<SubTexture name="elementExplosive010.png" x="1560" y="1220" width="70" height="70"/>
	<SubTexture name="elementExplosive011.png" x="1840" y="1430" width="70" height="70"/>
	<SubTexture name="elementExplosive012.png" x="720" y="1570" width="140" height="70"/>
	<SubTexture name="elementExplosive013.png" x="0" y="1540" width="220" height="70"/>
	<SubTexture name="elementExplosive014.png" x="1560" y="1150" width="70" height="70"/>
	<SubTexture name="elementExplosive015.png" x="720" y="1920" width="140" height="70"/>
	<SubTexture name="elementExplosive016.png" x="0" y="70" width="220" height="70"/>
	<SubTexture name="elementExplosive017.png" x="1560" y="1720" width="70" height="140"/>
	<SubTexture name="elementExplosive018.png" x="440" y="1770" width="140" height="140"/>
	<SubTexture name="elementExplosive019.png" x="220" y="1540" width="220" height="140"/>
	<SubTexture name="elementExplosive020.png" x="1570" y="140" width="70" height="220"/>
	<SubTexture name="elementExplosive021.png" x="580" y="1190" width="140" height="220"/>
	<SubTexture name="elementExplosive022.png" x="1570" y="430" width="70" height="140"/>
	<SubTexture name="elementExplosive023.png" x="440" y="1410" width="140" height="140"/>
	<SubTexture name="elementExplosive024.png" x="220" y="1120" width="220" height="140"/>
	<SubTexture name="elementExplosive025.png" x="1630" y="1220" width="70" height="220"/>
	<SubTexture name="elementExplosive026.png" x="440" y="1190" width="140" height="220"/>
	<SubTexture name="elementExplosive027.png" x="1420" y="1280" width="70" height="70"/>
	<SubTexture name="elementExplosive028.png" x="720" y="1220" width="140" height="70"/>
	<SubTexture name="elementExplosive029.png" x="220" y="700" width="220" height="70"/>
	<SubTexture name="elementExplosive030.png" x="1490" y="1710" width="70" height="70"/>
	<SubTexture name="elementExplosive031.png" x="660" y="930" width="140" height="70"/>
	<SubTexture name="elementExplosive032.png" x="220" y="560" width="220" height="70"/>
	<SubTexture name="elementExplosive033.png" x="1640" y="0" width="70" height="140"/>
	<SubTexture name="elementExplosive034.png" x="660" y="650" width="140" height="140"/>
	<SubTexture name="elementExplosive035.png" x="220" y="140" width="220" height="140"/>
	<SubTexture name="elementExplosive036.png" x="1640" y="280" width="70" height="220"/>
	<SubTexture name="elementExplosive037.png" x="660" y="140" width="140" height="220"/>
	<SubTexture name="elementExplosive038.png" x="1700" y="640" width="70" height="140"/>
	<SubTexture name="elementExplosive039.png" x="660" y="0" width="140" height="140"/>
	<SubTexture name="elementExplosive040.png" x="0" y="1750" width="220" height="140"/>
	<SubTexture name="elementExplosive041.png" x="1710" y="0" width="70" height="220"/>
	<SubTexture name="elementExplosive042.png" x="580" y="1550" width="140" height="220"/>
	<SubTexture name="elementExplosive043.png" x="1710" y="430" width="70" height="70"/>
	<SubTexture name="elementExplosive044.png" x="720" y="1500" width="140" height="70"/>
	<SubTexture name="elementExplosive045.png" x="1770" y="1290" width="70" height="70"/>
	<SubTexture name="elementExplosive046.png" x="660" y="1000" width="56" height="61"/>
	<SubTexture name="elementExplosive047.png" x="440" y="1990" width="64" height="56"/>
	<SubTexture name="elementExplosive048.png" x="568" y="1980" width="58" height="53"/>
	<SubTexture name="elementExplosive049.png" x="1840" y="1360" width="70" height="70"/>
	<SubTexture name="elementExplosive050.png" x="440" y="1910" width="140" height="70"/>
	<SubTexture name="elementExplosive051.png" x="0" y="630" width="220" height="70"/>
	<SubTexture name="elementExplosive052.png" x="1850" y="0" width="70" height="140"/>
	<SubTexture name="elementExplosive053.png" x="720" y="1710" width="140" height="140"/>
	<SubTexture name="elementExplosive054.png" x="0" y="210" width="220" height="140"/>
	<SubTexture name="elementExplosive055.png" x="1850" y="280" width="70" height="220"/>
	<SubTexture name="elementExplosive056.png" x="800" y="0" width="140" height="220"/>
	<SubTexture name="elementExplosive057.png" x="1910" y="790" width="70" height="70"/>
	<SubTexture name="elementGlass000.png" x="1420" y="1920" width="70" height="70"/>
	<SubTexture name="elementGlass001.png" x="1220" y="720" width="140" height="70"/>
	<SubTexture name="elementGlass002.png" x="1910" y="1280" width="70" height="70"/>
	<SubTexture name="elementGlass003.png" x="1910" y="1350" width="70" height="70"/>
	<SubTexture name="elementGlass004.png" x="1220" y="360" width="140" height="70"/>
	<SubTexture name="elementGlass005.png" x="1910" y="1210" width="70" height="70"/>
	<SubTexture name="elementGlass006.png" x="1910" y="1070" width="70" height="70"/>
	<SubTexture name="elementGlass007.png" x="1140" y="1930" width="140" height="70"/>
	<SubTexture name="elementGlass008.png" x="1910" y="860" width="70" height="70"/>
	<SubTexture name="elementGlass009.png" x="1910" y="1140" width="70" height="70"/>
	<SubTexture name="elementGlass010.png" x="940" y="210" width="140" height="70"/>
	<SubTexture name="elementGlass011.png" x="1910" y="1000" width="70" height="70"/>
	<SubTexture name="elementGlass012.png" x="1910" y="930" width="70" height="70"/>
	<SubTexture name="elementGlass013.png" x="860" y="1930" width="140" height="70"/>
	<SubTexture name="elementGlass014.png" x="0" y="0" width="220" height="70"/>
	<SubTexture name="elementGlass015.png" x="1910" y="720" width="70" height="70"/>
	<SubTexture name="elementGlass016.png" x="860" y="1720" width="140" height="70"/>
	<SubTexture name="elementGlass017.png" x="0" y="140" width="220" height="70"/>
	<SubTexture name="elementGlass018.png" x="1850" y="140" width="70" height="140"/>
	<SubTexture name="elementGlass019.png" x="800" y="790" width="140" height="140"/>
	<SubTexture name="elementGlass020.png" x="0" y="490" width="220" height="140"/>
	<SubTexture name="elementGlass021.png" x="1840" y="1710" width="70" height="220"/>
	<SubTexture name="elementGlass022.png" x="1220" y="500" width="140" height="220"/>
	<SubTexture name="elementGlass023.png" x="1840" y="1500" width="70" height="140"/>
	<SubTexture name="elementGlass024.png" x="1360" y="0" width="140" height="140"/>
	<SubTexture name="elementGlass025.png" x="0" y="770" width="220" height="140"/>
	<SubTexture name="elementGlass026.png" x="1840" y="1140" width="70" height="220"/>
	<SubTexture name="elementGlass027.png" x="860" y="1290" width="140" height="220"/>
	<SubTexture name="elementGlass028.png" x="1840" y="930" width="70" height="70"/>
	<SubTexture name="elementGlass029.png" x="860" y="1650" width="140" height="70"/>
	<SubTexture name="elementGlass030.png" x="0" y="910" width="220" height="70"/>
	<SubTexture name="elementGlass031.png" x="1770" y="1930" width="70" height="70"/>
	<SubTexture name="elementGlass032.png" x="860" y="1860" width="140" height="70"/>
	<SubTexture name="elementGlass033.png" x="0" y="980" width="220" height="70"/>
	<SubTexture name="elementGlass034.png" x="1780" y="220" width="70" height="140"/>
	<SubTexture name="elementGlass035.png" x="940" y="70" width="140" height="140"/>
	<SubTexture name="elementGlass036.png" x="0" y="1050" width="220" height="140"/>
	<SubTexture name="elementGlass037.png" x="1770" y="1640" width="70" height="220"/>
	<SubTexture name="elementGlass038.png" x="940" y="350" width="140" height="220"/>
	<SubTexture name="elementGlass039.png" x="1770" y="1430" width="70" height="140"/>
	<SubTexture name="elementGlass040.png" x="1000" y="1290" width="140" height="140"/>
	<SubTexture name="elementGlass041.png" x="0" y="1190" width="220" height="140"/>
	<SubTexture name="elementGlass042.png" x="1770" y="1070" width="70" height="220"/>
	<SubTexture name="elementGlass043.png" x="1000" y="1070" width="140" height="220"/>
	<SubTexture name="elementGlass044.png" x="1770" y="930" width="70" height="70"/>
	<SubTexture name="elementGlass045.png" x="1000" y="930" width="140" height="70"/>
	<SubTexture name="elementGlass046.png" x="1770" y="640" width="70" height="70"/>
	<SubTexture name="elementGlass047.png" x="1770" y="570" width="70" height="70"/>
	<SubTexture name="elementGlass048.png" x="940" y="860" width="140" height="70"/>
	<SubTexture name="elementGlass049.png" x="0" y="1470" width="220" height="70"/>
	<SubTexture name="elementGlass050.png" x="1710" y="290" width="70" height="140"/>
	<SubTexture name="elementGlass051.png" x="1280" y="1290" width="140" height="140"/>
	<SubTexture name="elementGlass052.png" x="0" y="1610" width="220" height="140"/>
	<SubTexture name="elementGlass053.png" x="1700" y="1760" width="70" height="220"/>
	<SubTexture name="elementGlass054.png" x="1000" y="1430" width="140" height="220"/>
	<SubTexture name="elementMetal000.png" x="1000" y="1870" width="140" height="70"/>
	<SubTexture name="elementMetal001.png" x="1700" y="1550" width="70" height="70"/>
	<SubTexture name="elementMetal002.png" x="1700" y="1480" width="70" height="70"/>
	<SubTexture name="elementMetal003.png" x="1280" y="1220" width="140" height="70"/>
	<SubTexture name="elementMetal004.png" x="1700" y="1340" width="70" height="70"/>
	<SubTexture name="elementMetal005.png" x="1700" y="1270" width="70" height="70"/>
	<SubTexture name="elementMetal006.png" x="1280" y="1150" width="140" height="70"/>
	<SubTexture name="elementMetal007.png" x="1700" y="1130" width="70" height="70"/>
	<SubTexture name="elementMetal008.png" x="1700" y="1060" width="70" height="70"/>
	<SubTexture name="elementMetal009.png" x="1360" y="280" width="140" height="70"/>
	<SubTexture name="elementMetal010.png" x="1700" y="920" width="70" height="70"/>
	<SubTexture name="elementMetal011.png" x="1700" y="850" width="70" height="70"/>
	<SubTexture name="elementMetal012.png" x="1280" y="1790" width="140" height="70"/>
	<SubTexture name="elementMetal013.png" x="0" y="1960" width="220" height="70"/>
	<SubTexture name="elementMetal014.png" x="1700" y="570" width="70" height="70"/>
	<SubTexture name="elementMetal015.png" x="1280" y="1720" width="140" height="70"/>
	<SubTexture name="elementMetal016.png" x="220" y="70" width="220" height="70"/>
	<SubTexture name="elementMetal017.png" x="1640" y="140" width="70" height="140"/>
	<SubTexture name="elementMetal018.png" x="1360" y="140" width="140" height="140"/>
	<SubTexture name="elementMetal019.png" x="220" y="420" width="220" height="140"/>
	<SubTexture name="elementMetal020.png" x="1630" y="1720" width="70" height="220"/>
	<SubTexture name="elementMetal021.png" x="1360" y="420" width="140" height="220"/>
	<SubTexture name="elementMetal022.png" x="1630" y="1510" width="70" height="140"/>
	<SubTexture name="elementMetal023.png" x="1080" y="210" width="140" height="140"/>
	<SubTexture name="elementMetal024.png" x="220" y="980" width="220" height="140"/>
	<SubTexture name="elementMetal025.png" x="1630" y="1000" width="70" height="220"/>
	<SubTexture name="elementMetal026.png" x="1080" y="420" width="140" height="220"/>
	<SubTexture name="elementMetal027.png" x="1630" y="790" width="70" height="70"/>
	<SubTexture name="elementMetal028.png" x="1080" y="640" width="140" height="70"/>
	<SubTexture name="elementMetal029.png" x="220" y="1330" width="220" height="70"/>
	<SubTexture name="elementMetal030.png" x="1570" y="360" width="70" height="70"/>
	<SubTexture name="elementMetal031.png" x="1080" y="780" width="140" height="70"/>
	<SubTexture name="elementMetal032.png" x="220" y="1470" width="220" height="70"/>
	<SubTexture name="elementMetal033.png" x="1570" y="0" width="70" height="140"/>
	<SubTexture name="elementMetal034.png" x="1360" y="640" width="140" height="140"/>
	<SubTexture name="elementMetal035.png" x="220" y="1820" width="220" height="140"/>
	<SubTexture name="elementMetal036.png" x="1560" y="1500" width="70" height="220"/>
	<SubTexture name="elementMetal037.png" x="1140" y="1140" width="140" height="220"/>
	<SubTexture name="elementMetal038.png" x="1560" y="1290" width="70" height="140"/>
	<SubTexture name="elementMetal039.png" x="1140" y="1500" width="140" height="140"/>
	<SubTexture name="elementMetal040.png" x="440" y="140" width="220" height="140"/>
	<SubTexture name="elementMetal041.png" x="1910" y="500" width="70" height="220"/>
	<SubTexture name="elementMetal042.png" x="1220" y="0" width="140" height="220"/>
	<SubTexture name="elementMetal043.png" x="1500" y="640" width="70" height="70"/>
	<SubTexture name="elementMetal044.png" x="1140" y="1860" width="140" height="70"/>
	<SubTexture name="elementMetal045.png" x="1500" y="430" width="70" height="70"/>
	<SubTexture name="elementMetal046.png" x="660" y="1061" width="56" height="61"/>
	<SubTexture name="elementMetal047.png" x="504" y="1990" width="64" height="56"/>
	<SubTexture name="elementMetal048.png" x="626" y="1980" width="58" height="53"/>
	<SubTexture name="elementMetal049.png" x="1840" y="1930" width="70" height="70"/>
	<SubTexture name="elementMetal050.png" x="800" y="580" width="140" height="70"/>
	<SubTexture name="elementMetal051.png" x="220" y="0" width="220" height="70"/>
	<SubTexture name="elementMetal052.png" x="1840" y="1000" width="70" height="140"/>
	<SubTexture name="elementMetal053.png" x="860" y="1150" width="140" height="140"/>
	<SubTexture name="elementMetal054.png" x="220" y="280" width="220" height="140"/>
	<SubTexture name="elementMetal055.png" x="1770" y="710" width="70" height="220"/>
	<SubTexture name="elementMetal056.png" x="940" y="570" width="140" height="220"/>
	<SubTexture name="elementMetal057.png" x="1700" y="1200" width="70" height="70"/>
	<SubTexture name="elementStone000.png" x="1000" y="1940" width="140" height="70"/>
	<SubTexture name="elementStone001.png" x="1700" y="990" width="70" height="70"/>
	<SubTexture name="elementStone002.png" x="1700" y="780" width="70" height="70"/>
	<SubTexture name="elementStone003.png" x="1280" y="1430" width="140" height="70"/>
	<SubTexture name="elementStone004.png" x="1640" y="500" width="70" height="70"/>
	<SubTexture name="elementStone005.png" x="1630" y="1940" width="70" height="70"/>
	<SubTexture name="elementStone006.png" x="1360" y="350" width="140" height="70"/>
	<SubTexture name="elementStone007.png" x="1630" y="1650" width="70" height="70"/>
	<SubTexture name="elementStone008.png" x="1630" y="1440" width="70" height="70"/>
	<SubTexture name="elementStone009.png" x="1080" y="140" width="140" height="70"/>
	<SubTexture name="elementStone010.png" x="1560" y="1220" width="70" height="70"/>
	<SubTexture name="elementStone011.png" x="1560" y="1430" width="70" height="70"/>
	<SubTexture name="elementStone012.png" x="1140" y="1070" width="140" height="70"/>
	<SubTexture name="elementStone013.png" x="220" y="630" width="220" height="70"/>
	<SubTexture name="elementStone014.png" x="1490" y="1000" width="70" height="70"/>
	<SubTexture name="elementStone015.png" x="1280" y="860" width="140" height="70"/>
	<SubTexture name="elementStone016.png" x="220" y="770" width="220" height="70"/>
	<SubTexture name="elementStone017.png" x="1420" y="1350" width="70" height="140"/>
	<SubTexture name="elementStone018.png" x="1280" y="1860" width="140" height="140"/>
	<SubTexture name="elementStone019.png" x="440" y="910" width="220" height="140"/>
	<SubTexture name="elementStone020.png" x="1420" y="920" width="70" height="220"/>
	<SubTexture name="elementStone021.png" x="1280" y="1500" width="140" height="220"/>
	<SubTexture name="elementStone022.png" x="1420" y="780" width="70" height="140"/>
	<SubTexture name="elementStone023.png" x="800" y="440" width="140" height="140"/>
	<SubTexture name="elementStone024.png" x="440" y="1050" width="220" height="140"/>
	<SubTexture name="elementStone025.png" x="1420" y="1700" width="70" height="220"/>
	<SubTexture name="elementStone026.png" x="1280" y="930" width="140" height="220"/>
	<SubTexture name="elementStone027.png" x="1420" y="1280" width="70" height="70"/>
	<SubTexture name="elementStone028.png" x="1280" y="790" width="140" height="70"/>
	<SubTexture name="elementStone029.png" x="440" y="840" width="220" height="70"/>
	<SubTexture name="elementStone030.png" x="1490" y="1710" width="70" height="70"/>
	<SubTexture name="elementStone031.png" x="1220" y="430" width="140" height="70"/>
	<SubTexture name="elementStone032.png" x="220" y="1260" width="220" height="70"/>
	<SubTexture name="elementStone033.png" x="1500" y="0" width="70" height="140"/>
	<SubTexture name="elementStone034.png" x="1220" y="220" width="140" height="140"/>
	<SubTexture name="elementStone035.png" x="220" y="840" width="220" height="140"/>
	<SubTexture name="elementStone036.png" x="1500" y="210" width="70" height="220"/>
	<SubTexture name="elementStone037.png" x="1140" y="1640" width="140" height="220"/>
	<SubTexture name="elementStone038.png" x="1500" y="500" width="70" height="140"/>
	<SubTexture name="elementStone039.png" x="1140" y="1360" width="140" height="140"/>
	<SubTexture name="elementStone040.png" x="440" y="560" width="220" height="140"/>
	<SubTexture name="elementStone041.png" x="1560" y="710" width="70" height="220"/>
	<SubTexture name="elementStone042.png" x="1140" y="850" width="140" height="220"/>
	<SubTexture name="elementStone043.png" x="1420" y="1210" width="70" height="70"/>
	<SubTexture name="elementStone044.png" x="1080" y="710" width="140" height="70"/>
	<SubTexture name="elementStone045.png" x="1560" y="1860" width="70" height="70"/>
	<SubTexture name="elementStone046.png" x="1560" y="1930" width="70" height="70"/>
	<SubTexture name="elementStone047.png" x="1080" y="350" width="140" height="70"/>
	<SubTexture name="elementStone048.png" x="220" y="1400" width="220" height="70"/>
	<SubTexture name="elementStone049.png" x="1630" y="860" width="70" height="140"/>
	<SubTexture name="elementStone050.png" x="1080" y="0" width="140" height="140"/>
	<SubTexture name="elementStone051.png" x="440" y="0" width="220" height="140"/>
	<SubTexture name="elementStone052.png" x="1490" y="1280" width="70" height="220"/>
	<SubTexture name="elementStone053.png" x="1000" y="1650" width="140" height="220"/>
	<SubTexture name="elementStone054.png" x="1700" y="1410" width="70" height="70"/>
	<SubTexture name="elementWood000.png" x="1490" y="1570" width="70" height="70"/>
	<SubTexture name="elementWood001.png" x="1710" y="500" width="70" height="70"/>
	<SubTexture name="elementWood002.png" x="1000" y="1000" width="140" height="70"/>
	<SubTexture name="elementWood003.png" x="1710" y="220" width="70" height="70"/>
	<SubTexture name="elementWood004.png" x="1700" y="1620" width="70" height="70"/>
	<SubTexture name="elementWood005.png" x="940" y="790" width="140" height="70"/>
	<SubTexture name="elementWood006.png" x="1700" y="1690" width="70" height="70"/>
	<SubTexture name="elementWood007.png" x="1490" y="1640" width="70" height="70"/>
	<SubTexture name="elementWood008.png" x="940" y="280" width="140" height="70"/>
	<SubTexture name="elementWood009.png" x="1770" y="1360" width="70" height="70"/>
	<SubTexture name="elementWood010.png" x="1770" y="1570" width="70" height="70"/>
	<SubTexture name="elementWood011.png" x="940" y="0" width="140" height="70"/>
	<SubTexture name="elementWood012.png" x="440" y="420" width="220" height="70"/>
	<SubTexture name="elementWood013.png" x="1770" y="1860" width="70" height="70"/>
	<SubTexture name="elementWood014.png" x="860" y="1790" width="140" height="70"/>
	<SubTexture name="elementWood015.png" x="0" y="1890" width="220" height="70"/>
	<SubTexture name="elementWood016.png" x="1840" y="500" width="70" height="140"/>
	<SubTexture name="elementWood017.png" x="860" y="1510" width="140" height="140"/>
	<SubTexture name="elementWood018.png" x="0" y="1330" width="220" height="140"/>
	<SubTexture name="elementWood019.png" x="1840" y="710" width="70" height="220"/>
	<SubTexture name="elementWood020.png" x="860" y="930" width="140" height="220"/>
	<SubTexture name="elementWood021.png" x="1490" y="1850" width="70" height="140"/>
	<SubTexture name="elementWood022.png" x="800" y="650" width="140" height="140"/>
	<SubTexture name="elementWood023.png" x="0" y="350" width="220" height="140"/>
	<SubTexture name="elementWood024.png" x="1560" y="930" width="70" height="220"/>
	<SubTexture name="elementWood025.png" x="800" y="220" width="140" height="220"/>
	<SubTexture name="elementWood026.png" x="1840" y="1640" width="70" height="70"/>
	<SubTexture name="elementWood027.png" x="720" y="1850" width="140" height="70"/>
	<SubTexture name="elementWood028.png" x="0" y="700" width="220" height="70"/>
	<SubTexture name="elementWood029.png" x="1840" y="640" width="70" height="70"/>
	<SubTexture name="elementWood030.png" x="720" y="1640" width="140" height="70"/>
	<SubTexture name="elementWood031.png" x="220" y="1960" width="220" height="70"/>
	<SubTexture name="elementWood032.png" x="1780" y="360" width="70" height="140"/>
	<SubTexture name="elementWood033.png" x="720" y="1360" width="140" height="140"/>
	<SubTexture name="elementWood034.png" x="440" y="280" width="220" height="140"/>
	<SubTexture name="elementWood035.png" x="1780" y="0" width="70" height="220"/>
	<SubTexture name="elementWood036.png" x="720" y="1000" width="140" height="220"/>
	<SubTexture name="elementWood037.png" x="1490" y="1070" width="70" height="140"/>
	<SubTexture name="elementWood038.png" x="660" y="790" width="140" height="140"/>
	<SubTexture name="elementWood039.png" x="220" y="1680" width="220" height="140"/>
	<SubTexture name="elementWood040.png" x="1630" y="570" width="70" height="220"/>
	<SubTexture name="elementWood041.png" x="660" y="360" width="140" height="220"/>
	<SubTexture name="elementWood042.png" x="1490" y="1780" width="70" height="70"/>
	<SubTexture name="elementWood043.png" x="580" y="1910" width="140" height="70"/>
	<SubTexture name="elementWood044.png" x="1500" y="140" width="70" height="70"/>
	<SubTexture name="elementWood045.png" x="1490" y="1500" width="70" height="70"/>
	<SubTexture name="elementWood046.png" x="580" y="1770" width="140" height="70"/>
	<SubTexture name="elementWood047.png" x="440" y="490" width="220" height="70"/>
	<SubTexture name="elementWood048.png" x="1420" y="1560" width="70" height="140"/>
	<SubTexture name="elementWood049.png" x="580" y="1410" width="140" height="140"/>
	<SubTexture name="elementWood050.png" x="440" y="700" width="220" height="140"/>
	<SubTexture name="elementWood051.png" x="1490" y="780" width="70" height="220"/>
	<SubTexture name="elementWood052.png" x="440" y="1550" width="140" height="220"/>
	<SubTexture name="elementWood053.png" x="1420" y="1490" width="70" height="70"/>
	<SubTexture name="elementWood054.png" x="580" y="1840" width="140" height="70"/>
</TextureAtlas>